City,Distance (km),Traffic Level,Time of Day,Day Type,Weather,Travel Time (min)
Mumbai,30,High,Afternoon,Weekday,Fog,59
Mumbai,35,High,Morning,Weekday,Fog,56
Chennai,40,Low,Night,Weekday,Rainy,45
Pune,46,Low,Night,Weekend,Rainy,88
Kolkata,19,Medium,Afternoon,Weekend,Rainy,133
Pune,24,Low,Night,Weekend,Fog,18
Pune,44,High,Evening,Weekend,Rainy,141
Chennai,47,Medium,Morning,Weekend,Rainy,96
Hyderabad,41,High,Evening,Weekend,Rainy,73
Kolkata,24,Medium,Morning,Weekend,Rainy,82
Kolkata,45,High,Night,Weekday,Fog,93
Hyderabad,46,Low,Night,Weekend,Rainy,31
Chennai,21,Medium,Afternoon,Weekday,Clear,46
Bengaluru,27,Low,Night,Weekend,Rainy,87
Kolkata,35,High,Afternoon,Weekend,Fog,127
Hyderabad,8,High,Afternoon,Weekday,Clear,99
Mumbai,28,Medium,Night,Weekend,Rainy,89
Bengaluru,47,Medium,Afternoon,Weekend,Clear,74
Pune,27,Medium,Morning,Weekend,Fog,123
Delhi,18,Low,Evening,Weekend,Clear,60
Chennai,18,High,Evening,Weekend,Rainy,132
Bengaluru,5,High,Night,Weekend,Rainy,148
Chennai,29,Medium,Evening,Weekday,Rainy,141
Mumbai,22,Medium,Morning,Weekday,Rainy,127
Kolkata,49,Low,Night,Weekday,Rainy,15
Hyderabad,29,Medium,Evening,Weekend,Clear,94
Chennai,26,Low,Afternoon,Weekday,Fog,129
Hyderabad,12,High,Afternoon,Weekend,Fog,85
Chennai,38,High,Evening,Weekday,Fog,85
Bengaluru,44,Medium,Evening,Weekend,Rainy,58
Hyderabad,28,Medium,Morning,Weekday,Clear,110
Hyderabad,50,Low,Morning,Weekday,Clear,68
Hyderabad,35,Medium,Evening,Weekday,Fog,78
Delhi,9,High,Night,Weekday,Rainy,11
Mumbai,36,Low,Morning,Weekday,Fog,74
Chennai,32,Medium,Evening,Weekend,Clear,26
Chennai,14,High,Evening,Weekday,Fog,113
Pune,8,Medium,Evening,Weekday,Clear,44
Delhi,49,Medium,Morning,Weekend,Clear,100
Kolkata,28,Medium,Evening,Weekday,Fog,136
Chennai,15,Medium,Evening,Weekday,Fog,37
Bengaluru,29,Low,Evening,Weekend,Clear,20
Pune,16,Low,Morning,Weekday,Clear,77
Kolkata,18,Medium,Evening,Weekday,Rainy,130
Mumbai,40,High,Morning,Weekday,Rainy,71
Pune,42,High,Evening,Weekday,Fog,93
Pune,32,Medium,Evening,Weekday,Clear,127
Pune,5,High,Evening,Weekend,Rainy,25
Chennai,27,Medium,Afternoon,Weekend,Fog,49
Mumbai,26,High,Night,Weekday,Clear,99
Chennai,36,Low,Afternoon,Weekend,Fog,43
Chennai,20,Low,Night,Weekday,Fog,95
Hyderabad,44,Medium,Afternoon,Weekend,Fog,116
Hyderabad,38,Medium,Afternoon,Weekend,Clear,78
Hyderabad,11,Medium,Evening,Weekend,Fog,129
Kolkata,20,Medium,Afternoon,Weekday,Rainy,123
Kolkata,47,Medium,Night,Weekday,Clear,27
Hyderabad,22,Medium,Night,Weekend,Rainy,81
Pune,27,High,Morning,Weekday,Fog,75
Chennai,19,Low,Evening,Weekend,Clear,136
Kolkata,28,High,Morning,Weekday,Fog,74
Chennai,49,Low,Morning,Weekend,Fog,59
Kolkata,34,Low,Morning,Weekend,Rainy,80
Delhi,26,Medium,Morning,Weekday,Fog,149
Mumbai,36,Medium,Night,Weekend,Fog,31
Bengaluru,12,Medium,Evening,Weekend,Rainy,147
Bengaluru,5,High,Afternoon,Weekend,Rainy,39
Mumbai,41,Medium,Morning,Weekend,Fog,72
Hyderabad,22,Medium,Afternoon,Weekend,Rainy,101
Pune,44,Low,Night,Weekend,Rainy,30
Pune,47,High,Night,Weekend,Rainy,15
Hyderabad,19,Medium,Morning,Weekday,Rainy,56
Bengaluru,22,Medium,Evening,Weekday,Fog,70
Chennai,24,High,Morning,Weekend,Rainy,131
Bengaluru,16,High,Night,Weekend,Rainy,84
Delhi,20,High,Night,Weekday,Rainy,40
Pune,12,Low,Morning,Weekday,Fog,63
Bengaluru,40,Low,Evening,Weekday,Rainy,79
Delhi,34,High,Morning,Weekday,Fog,82
Chennai,17,High,Morning,Weekday,Clear,78
Kolkata,19,High,Afternoon,Weekend,Rainy,101
Delhi,32,Low,Evening,Weekday,Rainy,150
Mumbai,8,Medium,Evening,Weekend,Rainy,114
Delhi,48,Low,Evening,Weekend,Clear,36
Mumbai,44,High,Evening,Weekday,Fog,137
Delhi,50,Medium,Afternoon,Weekday,Fog,132
Delhi,25,Low,Morning,Weekend,Clear,69
Chennai,37,Low,Evening,Weekend,Clear,30
Mumbai,15,Low,Evening,Weekend,Clear,21
Chennai,22,Low,Evening,Weekday,Fog,129
Pune,37,High,Night,Weekend,Rainy,12
Chennai,47,High,Night,Weekend,Rainy,98
Delhi,20,Medium,Night,Weekend,Fog,150
Mumbai,41,High,Night,Weekday,Fog,14
Kolkata,5,Medium,Afternoon,Weekend,Rainy,60
Kolkata,9,Medium,Night,Weekend,Fog,56
Mumbai,48,Low,Evening,Weekday,Fog,134
Mumbai,5,Medium,Evening,Weekend,Clear,85
Pune,18,High,Night,Weekday,Clear,60
Kolkata,50,High,Morning,Weekend,Fog,87
Hyderabad,28,Medium,Afternoon,Weekday,Rainy,12
Kolkata,47,Low,Night,Weekend,Fog,86
Hyderabad,34,High,Evening,Weekday,Clear,141
Pune,12,Medium,Morning,Weekend,Rainy,34
Pune,7,Low,Night,Weekday,Clear,15
Hyderabad,33,Low,Afternoon,Weekend,Rainy,95
Mumbai,6,Low,Evening,Weekend,Rainy,96
Hyderabad,43,High,Night,Weekday,Clear,117
Mumbai,38,Low,Night,Weekend,Rainy,39
Mumbai,31,High,Afternoon,Weekend,Clear,130
Mumbai,43,High,Morning,Weekday,Rainy,26
Mumbai,30,High,Afternoon,Weekend,Clear,14
Hyderabad,26,Medium,Evening,Weekday,Fog,85
Kolkata,50,Low,Night,Weekday,Clear,105
Mumbai,28,Medium,Morning,Weekday,Rainy,61
Pune,21,Low,Evening,Weekend,Clear,128
Chennai,39,Low,Night,Weekday,Rainy,40
Delhi,34,High,Morning,Weekend,Rainy,44
Mumbai,10,Low,Night,Weekday,Rainy,104
Delhi,29,Low,Afternoon,Weekend,Rainy,138
Bengaluru,23,High,Evening,Weekend,Clear,148
Chennai,11,Medium,Evening,Weekday,Clear,88
Bengaluru,10,High,Evening,Weekend,Clear,20
Kolkata,48,High,Evening,Weekend,Clear,69
Chennai,29,Low,Morning,Weekend,Clear,144
Delhi,13,Medium,Evening,Weekday,Clear,105
Hyderabad,17,High,Night,Weekday,Fog,31
Kolkata,27,Medium,Morning,Weekend,Rainy,76
Pune,20,High,Night,Weekday,Rainy,41
Mumbai,5,Low,Afternoon,Weekend,Clear,123
Mumbai,35,Medium,Afternoon,Weekday,Rainy,49
Pune,23,Medium,Morning,Weekday,Fog,92
Pune,13,Low,Morning,Weekend,Clear,107
Kolkata,10,High,Night,Weekend,Fog,114
Delhi,46,Medium,Evening,Weekday,Rainy,59
Delhi,21,Medium,Night,Weekday,Clear,73
Hyderabad,43,Low,Evening,Weekend,Rainy,141
Delhi,18,High,Morning,Weekend,Fog,47
Delhi,21,Medium,Morning,Weekend,Clear,131
Kolkata,22,High,Afternoon,Weekday,Fog,58
Chennai,16,Low,Evening,Weekend,Rainy,20
Bengaluru,48,Low,Afternoon,Weekday,Clear,94
Pune,16,Medium,Night,Weekday,Clear,102
Chennai,18,High,Afternoon,Weekday,Rainy,77
Mumbai,16,High,Night,Weekend,Rainy,126
Chennai,14,Low,Morning,Weekday,Clear,12
Bengaluru,26,Medium,Morning,Weekend,Rainy,71
Kolkata,46,Medium,Night,Weekend,Clear,40
Pune,9,Medium,Evening,Weekend,Rainy,112
Chennai,35,Low,Night,Weekend,Fog,18
Pune,32,Medium,Evening,Weekend,Clear,122
Kolkata,28,Medium,Morning,Weekend,Clear,104
Pune,27,Medium,Evening,Weekend,Clear,45
Hyderabad,44,Medium,Evening,Weekend,Clear,26
Pune,32,Medium,Evening,Weekday,Rainy,139
Hyderabad,41,Low,Evening,Weekend,Rainy,119
Hyderabad,29,High,Night,Weekday,Rainy,24
Pune,5,Medium,Evening,Weekend,Clear,101
Chennai,39,Medium,Morning,Weekday,Clear,85
Pune,23,Low,Night,Weekday,Fog,13
Kolkata,50,Low,Morning,Weekend,Clear,40
Kolkata,48,Medium,Morning,Weekday,Clear,18
Bengaluru,8,High,Evening,Weekday,Clear,119
Kolkata,22,High,Evening,Weekday,Fog,42
Mumbai,46,Medium,Evening,Weekday,Fog,108
Pune,16,Medium,Morning,Weekday,Rainy,96
Delhi,6,High,Morning,Weekend,Clear,16
Kolkata,14,Medium,Afternoon,Weekend,Fog,127
Delhi,28,Low,Morning,Weekday,Rainy,80
Bengaluru,14,Low,Night,Weekend,Rainy,10
Bengaluru,49,Medium,Night,Weekend,Rainy,21
Kolkata,16,Medium,Evening,Weekday,Fog,42
Mumbai,5,Low,Night,Weekend,Rainy,102
Bengaluru,46,Low,Night,Weekday,Clear,23
Mumbai,26,Medium,Evening,Weekend,Fog,136
Hyderabad,28,Low,Afternoon,Weekend,Fog,17
Kolkata,29,High,Night,Weekend,Fog,22
Delhi,30,Medium,Night,Weekday,Rainy,86
Bengaluru,37,Medium,Evening,Weekend,Rainy,141
Hyderabad,14,High,Night,Weekend,Clear,57
Kolkata,5,High,Night,Weekend,Clear,75
Chennai,33,Low,Morning,Weekend,Rainy,35
Chennai,29,Medium,Afternoon,Weekend,Rainy,138
Mumbai,12,Medium,Night,Weekend,Clear,143
Mumbai,6,Low,Night,Weekend,Clear,60
Bengaluru,12,High,Evening,Weekday,Rainy,91
Delhi,41,Medium,Morning,Weekend,Rainy,69
Mumbai,38,Low,Night,Weekday,Fog,26
Bengaluru,32,Medium,Morning,Weekend,Rainy,108
Bengaluru,37,Low,Afternoon,Weekend,Clear,122
Delhi,49,High,Night,Weekend,Fog,138
Delhi,37,Medium,Morning,Weekend,Clear,64
Kolkata,44,Medium,Afternoon,Weekend,Fog,147
Chennai,50,Medium,Afternoon,Weekday,Clear,13
Delhi,16,Low,Night,Weekend,Fog,38
Hyderabad,12,Low,Morning,Weekday,Fog,132
Hyderabad,22,Low,Afternoon,Weekend,Clear,33
Chennai,17,Medium,Evening,Weekend,Fog,107
Hyderabad,13,Medium,Evening,Weekday,Clear,139
Delhi,42,Low,Night,Weekend,Clear,81
Kolkata,35,Low,Afternoon,Weekend,Clear,124
Pune,50,Medium,Afternoon,Weekend,Rainy,29
Hyderabad,10,High,Night,Weekend,Clear,74
Delhi,39,Medium,Evening,Weekend,Fog,99
Hyderabad,24,Low,Night,Weekday,Fog,30
Kolkata,22,High,Afternoon,Weekend,Fog,87
Hyderabad,41,High,Evening,Weekend,Fog,68
Pune,44,High,Evening,Weekday,Clear,108
Chennai,46,Low,Evening,Weekday,Rainy,23
Bengaluru,20,Low,Morning,Weekday,Fog,134
Hyderabad,17,High,Evening,Weekend,Rainy,150
Delhi,43,Low,Morning,Weekday,Rainy,145
Hyderabad,5,Medium,Night,Weekday,Rainy,106
Hyderabad,14,Low,Afternoon,Weekday,Clear,100
Hyderabad,34,Medium,Morning,Weekend,Fog,58
Kolkata,27,Low,Afternoon,Weekend,Clear,81
Bengaluru,18,Medium,Morning,Weekday,Clear,54
Mumbai,18,Medium,Night,Weekend,Fog,142
Pune,38,High,Night,Weekday,Rainy,21
Mumbai,34,High,Afternoon,Weekday,Fog,71
Delhi,49,Low,Afternoon,Weekend,Clear,80
Delhi,44,High,Night,Weekday,Clear,137
Chennai,12,Low,Morning,Weekend,Rainy,19
Pune,23,Medium,Morning,Weekend,Fog,24
Mumbai,21,High,Afternoon,Weekday,Clear,150
Pune,29,Low,Morning,Weekend,Clear,60
Kolkata,33,Medium,Morning,Weekend,Clear,126
Mumbai,35,Low,Morning,Weekday,Fog,19
Kolkata,40,Low,Evening,Weekend,Clear,134
Bengaluru,14,Medium,Night,Weekend,Rainy,100
Hyderabad,15,Low,Morning,Weekend,Rainy,41
Mumbai,33,High,Evening,Weekday,Rainy,95
Delhi,41,Medium,Evening,Weekend,Clear,127
Bengaluru,35,Low,Morning,Weekend,Rainy,10
Mumbai,38,Medium,Night,Weekday,Fog,146
Kolkata,33,Low,Evening,Weekday,Fog,89
Mumbai,18,High,Afternoon,Weekday,Clear,13
Mumbai,5,Low,Evening,Weekday,Fog,73
Delhi,15,High,Evening,Weekend,Clear,99
Hyderabad,44,Low,Night,Weekday,Fog,59
Chennai,43,High,Evening,Weekend,Rainy,52
Bengaluru,25,High,Night,Weekend,Fog,127
Delhi,30,Medium,Afternoon,Weekday,Clear,71
Kolkata,29,Low,Night,Weekend,Fog,96
Hyderabad,38,Medium,Night,Weekday,Fog,147
Chennai,24,Low,Night,Weekday,Clear,129
Kolkata,50,High,Afternoon,Weekend,Clear,46
Chennai,27,Low,Afternoon,Weekend,Clear,146
Delhi,15,High,Evening,Weekend,Clear,100
Kolkata,48,Medium,Afternoon,Weekday,Fog,64
Delhi,44,High,Morning,Weekday,Rainy,41
Chennai,49,Low,Afternoon,Weekend,Rainy,14
Delhi,38,Low,Evening,Weekday,Clear,75
Hyderabad,42,High,Evening,Weekday,Fog,55
Delhi,9,Medium,Afternoon,Weekend,Rainy,131
Mumbai,10,Medium,Night,Weekend,Rainy,48
Hyderabad,31,Low,Night,Weekday,Clear,39
Bengaluru,50,Low,Night,Weekday,Fog,40
Kolkata,23,High,Afternoon,Weekday,Fog,146
Pune,32,Medium,Morning,Weekday,Rainy,110
Kolkata,6,Medium,Morning,Weekend,Rainy,150
Pune,20,High,Evening,Weekend,Clear,112
Bengaluru,21,Medium,Afternoon,Weekend,Clear,67
Hyderabad,27,High,Evening,Weekend,Rainy,128
Chennai,37,Low,Morning,Weekend,Fog,112
Mumbai,38,Medium,Evening,Weekend,Fog,126
Delhi,32,Low,Afternoon,Weekend,Fog,15
Bengaluru,6,High,Night,Weekend,Rainy,81
Delhi,36,Low,Morning,Weekday,Clear,89
Bengaluru,5,High,Night,Weekday,Fog,136
Kolkata,34,Medium,Evening,Weekday,Rainy,112
Mumbai,48,Medium,Evening,Weekend,Fog,33
Delhi,38,Medium,Evening,Weekend,Clear,125
Chennai,49,High,Afternoon,Weekday,Fog,49
Kolkata,15,High,Night,Weekend,Fog,131
Chennai,26,Low,Afternoon,Weekend,Clear,73
Kolkata,14,Low,Afternoon,Weekend,Clear,108
Mumbai,32,Low,Night,Weekday,Fog,90
Kolkata,9,Low,Afternoon,Weekend,Rainy,140
Mumbai,25,Low,Night,Weekend,Rainy,23
Pune,29,Low,Evening,Weekend,Fog,27
Hyderabad,12,Medium,Evening,Weekend,Rainy,42
Chennai,30,Low,Afternoon,Weekday,Clear,115
Delhi,37,Medium,Night,Weekday,Clear,109
Chennai,18,Low,Morning,Weekend,Fog,65
Pune,39,Medium,Afternoon,Weekday,Rainy,69
Pune,45,Low,Evening,Weekend,Fog,113
Mumbai,21,Low,Night,Weekday,Clear,47
Hyderabad,35,Medium,Morning,Weekday,Clear,88
Chennai,37,High,Morning,Weekday,Fog,77
Chennai,7,Low,Morning,Weekend,Fog,121
Bengaluru,25,Medium,Afternoon,Weekend,Fog,76
Mumbai,27,Medium,Afternoon,Weekday,Rainy,86
Chennai,27,High,Afternoon,Weekend,Fog,20
Kolkata,10,High,Night,Weekday,Rainy,115
Hyderabad,48,High,Night,Weekday,Clear,144
Kolkata,32,Medium,Morning,Weekend,Fog,91
Mumbai,27,Medium,Evening,Weekend,Fog,51
Mumbai,27,Medium,Evening,Weekend,Rainy,133
Mumbai,47,Low,Morning,Weekend,Rainy,89
Bengaluru,8,Medium,Afternoon,Weekend,Rainy,16
Delhi,10,Medium,Evening,Weekend,Clear,73
Bengaluru,7,Medium,Afternoon,Weekday,Clear,115
Mumbai,40,Medium,Afternoon,Weekend,Clear,110
Bengaluru,35,High,Afternoon,Weekday,Fog,75
Pune,5,High,Afternoon,Weekend,Rainy,84
Delhi,46,High,Afternoon,Weekend,Fog,55
Hyderabad,40,High,Evening,Weekend,Rainy,105
Pune,32,High,Morning,Weekday,Fog,102
Pune,25,Medium,Morning,Weekend,Rainy,37
Pune,6,Low,Morning,Weekend,Rainy,57
Bengaluru,18,Medium,Morning,Weekday,Fog,13
Bengaluru,14,Medium,Night,Weekend,Rainy,124
Hyderabad,49,Low,Evening,Weekday,Clear,150
Kolkata,23,Medium,Evening,Weekend,Clear,34
Chennai,46,Medium,Morning,Weekday,Fog,148
Kolkata,48,Medium,Evening,Weekend,Fog,145
Mumbai,21,High,Night,Weekday,Clear,13
Bengaluru,48,Low,Evening,Weekday,Fog,147
Kolkata,17,Medium,Afternoon,Weekend,Clear,78
Hyderabad,14,High,Afternoon,Weekday,Clear,39
Delhi,17,Low,Morning,Weekend,Fog,11
Hyderabad,49,Low,Evening,Weekday,Fog,79
Bengaluru,30,Low,Afternoon,Weekend,Rainy,113
Mumbai,8,Low,Morning,Weekend,Clear,100
Delhi,31,High,Night,Weekend,Clear,17
Delhi,14,High,Afternoon,Weekday,Clear,85
Kolkata,43,High,Evening,Weekend,Clear,136
Mumbai,43,Medium,Evening,Weekend,Rainy,14
Pune,24,Medium,Morning,Weekend,Rainy,33
Pune,7,Medium,Afternoon,Weekday,Fog,122
Delhi,7,Low,Afternoon,Weekend,Clear,127
Delhi,25,Low,Evening,Weekend,Fog,12
Chennai,26,Medium,Night,Weekend,Clear,69
Pune,45,Medium,Afternoon,Weekday,Clear,101
Kolkata,17,High,Afternoon,Weekend,Rainy,117
Chennai,28,Low,Afternoon,Weekday,Clear,13
Hyderabad,24,High,Morning,Weekend,Fog,130
Delhi,35,Low,Night,Weekday,Clear,116
Delhi,34,Medium,Evening,Weekend,Rainy,131
Pune,29,Low,Morning,Weekday,Fog,28
Delhi,49,High,Afternoon,Weekday,Fog,21
Mumbai,16,High,Afternoon,Weekday,Fog,18
Chennai,38,Medium,Morning,Weekend,Rainy,143
Kolkata,49,Low,Evening,Weekend,Rainy,123
Bengaluru,31,Medium,Evening,Weekend,Clear,32
Bengaluru,15,Medium,Afternoon,Weekend,Fog,55
Chennai,15,High,Evening,Weekend,Fog,55
Chennai,6,Medium,Evening,Weekday,Fog,19
Hyderabad,32,Low,Morning,Weekend,Clear,101
Kolkata,31,Medium,Afternoon,Weekend,Fog,49
Kolkata,12,Low,Morning,Weekend,Fog,127
Kolkata,45,Medium,Morning,Weekend,Rainy,126
Bengaluru,39,Medium,Morning,Weekend,Clear,53
Kolkata,22,High,Afternoon,Weekday,Fog,146
Pune,35,Medium,Night,Weekend,Rainy,90
Mumbai,8,Medium,Morning,Weekend,Clear,60
Bengaluru,7,Low,Afternoon,Weekend,Clear,91
Pune,35,High,Evening,Weekend,Rainy,64
Delhi,24,Low,Evening,Weekend,Rainy,10
Pune,46,Low,Morning,Weekday,Fog,143
Pune,7,Medium,Night,Weekend,Fog,73
Delhi,45,High,Afternoon,Weekday,Fog,37
Mumbai,48,High,Night,Weekend,Fog,56
Bengaluru,27,High,Night,Weekend,Clear,137
Hyderabad,22,Low,Night,Weekday,Fog,111
Chennai,41,Medium,Morning,Weekend,Fog,26
Kolkata,20,High,Evening,Weekday,Rainy,122
Bengaluru,29,Low,Night,Weekend,Rainy,101
Kolkata,18,High,Night,Weekday,Fog,85
Bengaluru,46,High,Night,Weekday,Fog,79
Hyderabad,40,High,Evening,Weekend,Clear,60
Mumbai,31,Medium,Morning,Weekday,Clear,11
Kolkata,27,Low,Evening,Weekday,Rainy,132
Delhi,16,Low,Afternoon,Weekday,Clear,84
Kolkata,24,High,Afternoon,Weekday,Rainy,114
Chennai,42,Low,Morning,Weekday,Clear,143
Chennai,41,Medium,Night,Weekday,Rainy,143
Kolkata,48,Low,Night,Weekday,Rainy,90
Delhi,15,High,Morning,Weekend,Rainy,138
Delhi,14,Low,Night,Weekday,Clear,104
Delhi,25,High,Evening,Weekend,Clear,49
Chennai,5,Low,Evening,Weekend,Fog,48
Chennai,23,Medium,Night,Weekend,Rainy,119
Chennai,9,Medium,Morning,Weekday,Fog,97
Mumbai,47,High,Afternoon,Weekend,Clear,104
Bengaluru,45,Medium,Morning,Weekend,Clear,46
Delhi,42,Medium,Evening,Weekday,Clear,31
Delhi,50,High,Evening,Weekend,Clear,90
Pune,42,Medium,Afternoon,Weekday,Clear,122
Bengaluru,41,Low,Evening,Weekday,Fog,121
Hyderabad,30,Medium,Afternoon,Weekday,Clear,72
Kolkata,16,Low,Evening,Weekend,Rainy,100
Pune,8,High,Afternoon,Weekday,Clear,30
Chennai,6,Medium,Evening,Weekday,Clear,119
Chennai,32,Medium,Afternoon,Weekend,Fog,89
Bengaluru,37,Medium,Evening,Weekend,Clear,65
Bengaluru,43,Low,Evening,Weekday,Clear,55
Kolkata,47,Medium,Morning,Weekend,Rainy,98
Delhi,9,High,Night,Weekday,Fog,18
Chennai,48,High,Night,Weekend,Clear,15
Kolkata,28,High,Evening,Weekend,Rainy,19
Hyderabad,24,High,Afternoon,Weekend,Rainy,133
Chennai,8,Low,Evening,Weekend,Clear,28
Bengaluru,6,Low,Morning,Weekday,Rainy,93
Mumbai,39,High,Evening,Weekend,Clear,84
Kolkata,48,High,Morning,Weekend,Fog,108
Bengaluru,44,Low,Evening,Weekday,Clear,74
Hyderabad,23,Low,Evening,Weekend,Rainy,35
Hyderabad,19,High,Night,Weekend,Clear,48
Mumbai,38,High,Morning,Weekday,Clear,63
Pune,45,High,Night,Weekday,Rainy,10
Kolkata,6,Medium,Afternoon,Weekday,Rainy,111
Bengaluru,40,Medium,Morning,Weekday,Clear,78
Chennai,15,Medium,Morning,Weekday,Fog,65
Bengaluru,11,Low,Morning,Weekend,Clear,44
Delhi,8,Medium,Evening,Weekday,Rainy,77
Pune,43,High,Night,Weekend,Rainy,23
Bengaluru,11,High,Afternoon,Weekend,Fog,25
Delhi,46,Medium,Night,Weekend,Clear,108
Bengaluru,43,Medium,Night,Weekend,Clear,48
Delhi,29,Medium,Morning,Weekday,Fog,141
Mumbai,13,Medium,Afternoon,Weekday,Rainy,115
Bengaluru,6,Low,Morning,Weekday,Rainy,50
Hyderabad,26,Low,Morning,Weekend,Clear,58
Hyderabad,15,Low,Morning,Weekday,Fog,36
Chennai,46,Medium,Night,Weekend,Clear,29
Pune,23,High,Afternoon,Weekend,Clear,38
Mumbai,43,High,Morning,Weekend,Rainy,137
Mumbai,22,Medium,Afternoon,Weekend,Rainy,45
Delhi,45,Medium,Morning,Weekday,Clear,119
Hyderabad,30,Medium,Morning,Weekday,Clear,43
Delhi,25,Low,Night,Weekday,Fog,131
Kolkata,44,High,Morning,Weekend,Fog,129
Pune,47,High,Morning,Weekday,Fog,138
Chennai,34,High,Night,Weekend,Fog,43
Bengaluru,29,Medium,Night,Weekday,Clear,83
Chennai,36,Medium,Morning,Weekday,Fog,62
Hyderabad,10,Medium,Morning,Weekday,Rainy,93
Mumbai,6,High,Afternoon,Weekend,Fog,149
Chennai,27,High,Afternoon,Weekday,Fog,139
Delhi,50,Low,Evening,Weekday,Clear,59
Pune,35,High,Night,Weekend,Rainy,96
Hyderabad,45,Medium,Night,Weekend,Fog,36
Mumbai,50,High,Night,Weekday,Rainy,24
Pune,48,Medium,Night,Weekend,Rainy,44
Kolkata,21,Medium,Afternoon,Weekend,Fog,124
Hyderabad,47,Low,Night,Weekday,Fog,24
Bengaluru,7,High,Morning,Weekend,Rainy,127
Bengaluru,31,Low,Evening,Weekday,Clear,55
Pune,41,Medium,Afternoon,Weekend,Fog,129
Pune,7,High,Night,Weekend,Rainy,31
Chennai,9,Medium,Afternoon,Weekend,Fog,113
Kolkata,38,Medium,Afternoon,Weekend,Fog,42
Mumbai,45,High,Morning,Weekend,Fog,80
Delhi,24,High,Night,Weekend,Clear,132
Delhi,30,High,Evening,Weekend,Clear,31
Kolkata,14,High,Evening,Weekday,Rainy,56
Kolkata,31,High,Morning,Weekday,Clear,142
Kolkata,29,Low,Evening,Weekend,Clear,93
Bengaluru,5,Medium,Evening,Weekend,Rainy,13
Kolkata,46,Medium,Night,Weekday,Fog,40
Bengaluru,37,Low,Evening,Weekday,Fog,28
Delhi,45,High,Afternoon,Weekend,Rainy,49
Hyderabad,11,Medium,Morning,Weekend,Rainy,78
Kolkata,29,High,Evening,Weekend,Clear,67
Mumbai,18,Low,Morning,Weekend,Fog,15
Pune,9,Medium,Night,Weekday,Clear,125
Hyderabad,11,Medium,Night,Weekend,Fog,118
Delhi,27,Medium,Evening,Weekday,Rainy,34
Bengaluru,39,Low,Evening,Weekday,Rainy,76
Kolkata,26,Medium,Afternoon,Weekend,Rainy,14
Mumbai,10,High,Evening,Weekend,Fog,127
Mumbai,46,High,Evening,Weekday,Fog,143
Chennai,13,High,Morning,Weekday,Clear,58
Kolkata,17,Low,Morning,Weekend,Clear,29
Delhi,32,Low,Morning,Weekday,Clear,36
Chennai,40,Medium,Evening,Weekend,Fog,56
Chennai,11,Low,Night,Weekend,Fog,82
Delhi,22,Medium,Afternoon,Weekend,Clear,108
Bengaluru,30,Low,Morning,Weekend,Rainy,34
Hyderabad,24,Medium,Morning,Weekend,Rainy,66
Mumbai,34,Medium,Evening,Weekday,Rainy,55
Delhi,11,Medium,Afternoon,Weekend,Rainy,22
Kolkata,34,Low,Night,Weekend,Fog,126
Mumbai,48,High,Evening,Weekend,Fog,59
Pune,5,Medium,Evening,Weekday,Clear,49
Mumbai,25,Medium,Evening,Weekday,Clear,125
Pune,44,Medium,Evening,Weekend,Fog,144
Kolkata,45,High,Night,Weekend,Fog,135
Chennai,43,Medium,Afternoon,Weekday,Rainy,63
Bengaluru,11,Medium,Night,Weekday,Rainy,123
Delhi,5,Low,Afternoon,Weekday,Rainy,91
Hyderabad,42,Low,Night,Weekend,Clear,75
Pune,8,Low,Evening,Weekend,Rainy,78
Mumbai,28,High,Evening,Weekday,Fog,114
Hyderabad,43,Low,Afternoon,Weekday,Clear,139
Hyderabad,15,Low,Evening,Weekend,Rainy,31
Kolkata,32,Low,Night,Weekend,Rainy,107
Pune,38,High,Night,Weekday,Fog,26
Pune,40,Medium,Night,Weekend,Rainy,41
Delhi,20,Low,Morning,Weekday,Fog,108
Delhi,24,Low,Evening,Weekday,Clear,130
Hyderabad,47,Low,Morning,Weekday,Clear,96
Delhi,23,Medium,Morning,Weekday,Clear,128
Hyderabad,32,Medium,Evening,Weekend,Fog,38
Pune,28,Medium,Night,Weekend,Rainy,83
Chennai,38,High,Morning,Weekday,Fog,114
Pune,44,Low,Night,Weekday,Clear,51
Chennai,24,Low,Morning,Weekday,Rainy,51
Delhi,50,Medium,Morning,Weekend,Clear,99
Delhi,44,Low,Afternoon,Weekday,Fog,75
Chennai,49,Low,Evening,Weekend,Clear,87
Bengaluru,14,High,Evening,Weekday,Clear,68
Delhi,30,High,Morning,Weekend,Clear,65
Mumbai,41,High,Evening,Weekday,Clear,40
Hyderabad,18,High,Morning,Weekday,Clear,11
Chennai,33,Low,Evening,Weekday,Clear,12
Bengaluru,17,Medium,Evening,Weekend,Fog,46
Kolkata,42,High,Night,Weekend,Clear,147
Mumbai,12,High,Night,Weekend,Rainy,75
Hyderabad,43,Low,Morning,Weekday,Fog,93
Pune,12,Low,Morning,Weekend,Rainy,124
Delhi,14,Medium,Morning,Weekend,Fog,11
Chennai,16,High,Night,Weekend,Rainy,47
Chennai,37,Medium,Night,Weekend,Fog,49
Hyderabad,46,Medium,Afternoon,Weekend,Fog,59
Mumbai,37,High,Afternoon,Weekday,Rainy,130
Delhi,27,Low,Night,Weekend,Fog,40
Bengaluru,32,Low,Morning,Weekday,Rainy,39
Kolkata,40,Low,Evening,Weekday,Clear,146
Mumbai,31,Medium,Night,Weekday,Clear,66
Hyderabad,9,Medium,Evening,Weekend,Clear,60
Chennai,25,Medium,Afternoon,Weekday,Rainy,127
Hyderabad,49,High,Evening,Weekend,Clear,16
Mumbai,9,Medium,Afternoon,Weekend,Clear,92
Bengaluru,35,Medium,Morning,Weekend,Rainy,103
Pune,25,High,Night,Weekend,Fog,135
Kolkata,24,Medium,Afternoon,Weekday,Fog,110
Hyderabad,39,High,Night,Weekend,Fog,148
Mumbai,45,Medium,Afternoon,Weekend,Fog,29
Hyderabad,27,Medium,Afternoon,Weekend,Rainy,140
Mumbai,5,Low,Afternoon,Weekday,Clear,139
Hyderabad,45,Medium,Night,Weekday,Rainy,57
Mumbai,28,High,Night,Weekend,Clear,34
Hyderabad,29,Medium,Evening,Weekday,Clear,98
Pune,40,High,Afternoon,Weekday,Clear,128
Chennai,40,Medium,Evening,Weekend,Rainy,81
Bengaluru,6,Medium,Evening,Weekend,Rainy,117
Bengaluru,46,Medium,Afternoon,Weekday,Clear,90
Mumbai,32,Low,Evening,Weekday,Rainy,145
Kolkata,28,Low,Afternoon,Weekend,Clear,119
Pune,6,Low,Night,Weekend,Clear,117
Hyderabad,50,Medium,Afternoon,Weekday,Fog,147
Mumbai,47,Low,Afternoon,Weekday,Fog,77
Bengaluru,29,High,Night,Weekend,Rainy,51
Chennai,9,Low,Morning,Weekday,Rainy,75
Hyderabad,24,Low,Afternoon,Weekday,Rainy,37
Hyderabad,44,Low,Evening,Weekend,Fog,113
Kolkata,45,Low,Afternoon,Weekday,Clear,71
Delhi,23,Medium,Evening,Weekday,Rainy,95
Delhi,29,Low,Afternoon,Weekday,Fog,40
Delhi,7,Medium,Evening,Weekend,Clear,13
Pune,30,High,Afternoon,Weekend,Fog,122
Pune,47,High,Night,Weekend,Fog,34
Hyderabad,13,Low,Night,Weekend,Clear,91
Kolkata,26,Low,Morning,Weekend,Fog,10
Bengaluru,46,Medium,Night,Weekend,Fog,131
Chennai,24,Low,Evening,Weekday,Rainy,125
Hyderabad,43,High,Evening,Weekday,Fog,87
Pune,29,Low,Evening,Weekday,Fog,132
Hyderabad,38,Low,Morning,Weekend,Clear,117
Kolkata,16,High,Night,Weekend,Clear,75
Mumbai,22,High,Morning,Weekday,Fog,44
Kolkata,11,Medium,Night,Weekday,Rainy,62
Kolkata,13,Low,Evening,Weekend,Rainy,141
Kolkata,48,High,Morning,Weekday,Clear,18
Kolkata,23,High,Morning,Weekday,Rainy,35
Chennai,31,Low,Afternoon,Weekend,Clear,17
Hyderabad,16,Low,Afternoon,Weekend,Clear,83
Kolkata,12,High,Evening,Weekday,Rainy,141
Hyderabad,22,High,Evening,Weekday,Clear,68
Hyderabad,35,Medium,Evening,Weekend,Clear,129
Hyderabad,13,Low,Afternoon,Weekend,Clear,88
Kolkata,19,Low,Night,Weekday,Clear,116
Mumbai,16,Low,Morning,Weekend,Fog,143
Hyderabad,44,Low,Evening,Weekday,Clear,45
Delhi,27,High,Afternoon,Weekend,Fog,74
Kolkata,21,Medium,Evening,Weekday,Fog,40
Hyderabad,6,Low,Morning,Weekend,Rainy,126
Bengaluru,41,High,Night,Weekday,Clear,25
Delhi,36,Low,Afternoon,Weekday,Rainy,135
Hyderabad,11,High,Afternoon,Weekend,Fog,49
Bengaluru,33,Medium,Morning,Weekday,Clear,87
Hyderabad,28,Low,Morning,Weekday,Rainy,38
Mumbai,37,Medium,Morning,Weekday,Clear,90
Kolkata,17,High,Night,Weekday,Fog,44
Kolkata,12,High,Afternoon,Weekend,Rainy,15
Pune,30,High,Evening,Weekend,Clear,44
Kolkata,13,High,Afternoon,Weekend,Fog,81
Delhi,38,Medium,Evening,Weekday,Fog,100
Mumbai,21,High,Afternoon,Weekend,Fog,23
Delhi,10,Medium,Morning,Weekend,Rainy,59
Pune,8,High,Morning,Weekday,Fog,15
Bengaluru,33,Medium,Evening,Weekday,Clear,17
Kolkata,16,Medium,Morning,Weekend,Clear,106
Mumbai,9,Medium,Afternoon,Weekday,Rainy,87
Bengaluru,48,Medium,Evening,Weekday,Rainy,18
Delhi,46,Medium,Afternoon,Weekday,Clear,89
Hyderabad,38,High,Morning,Weekend,Fog,99
Hyderabad,17,Low,Morning,Weekday,Fog,127
Bengaluru,32,High,Morning,Weekday,Fog,108
Hyderabad,43,High,Night,Weekday,Clear,67
Kolkata,40,Medium,Evening,Weekend,Fog,124
Mumbai,13,Medium,Afternoon,Weekend,Rainy,69
Delhi,38,Low,Evening,Weekend,Fog,39
Bengaluru,38,High,Morning,Weekday,Rainy,74
Mumbai,28,High,Afternoon,Weekday,Fog,148
Chennai,27,High,Evening,Weekday,Rainy,29
Delhi,28,Low,Morning,Weekday,Fog,62
Bengaluru,20,Medium,Evening,Weekday,Clear,125
Kolkata,24,High,Morning,Weekday,Clear,131
Mumbai,5,Medium,Night,Weekend,Fog,38
Kolkata,18,Low,Afternoon,Weekend,Fog,37
Kolkata,23,Low,Afternoon,Weekend,Fog,10
Chennai,12,High,Afternoon,Weekday,Rainy,110
Kolkata,11,High,Morning,Weekend,Rainy,113
Kolkata,44,Medium,Morning,Weekday,Clear,25
Bengaluru,43,Medium,Afternoon,Weekend,Fog,71
Pune,36,High,Afternoon,Weekend,Clear,81
Chennai,46,Medium,Night,Weekend,Clear,24
Hyderabad,41,High,Morning,Weekday,Rainy,147
Kolkata,19,High,Morning,Weekend,Fog,48
Delhi,38,Medium,Morning,Weekday,Clear,109
Kolkata,45,Medium,Evening,Weekend,Clear,12
Delhi,8,High,Night,Weekday,Rainy,64
Hyderabad,45,High,Evening,Weekday,Rainy,118
Mumbai,47,Medium,Afternoon,Weekday,Fog,18
Bengaluru,16,Low,Evening,Weekday,Fog,145
Pune,26,High,Evening,Weekend,Clear,109
Mumbai,22,Medium,Night,Weekday,Fog,11
Kolkata,47,High,Evening,Weekend,Clear,37
Kolkata,14,Low,Evening,Weekday,Fog,96
Kolkata,43,Medium,Afternoon,Weekend,Fog,28
Mumbai,12,Medium,Morning,Weekday,Rainy,82
Mumbai,24,Low,Afternoon,Weekday,Fog,63
Hyderabad,49,High,Morning,Weekend,Rainy,52
Pune,28,High,Afternoon,Weekday,Rainy,148
Mumbai,45,Low,Afternoon,Weekend,Fog,43
Bengaluru,32,Low,Evening,Weekday,Fog,13
Hyderabad,11,Low,Morning,Weekday,Rainy,46
Mumbai,40,Low,Morning,Weekend,Clear,100
Bengaluru,19,High,Afternoon,Weekday,Clear,122
Chennai,48,High,Afternoon,Weekday,Rainy,48
Delhi,23,High,Evening,Weekday,Fog,108
Kolkata,26,High,Morning,Weekday,Fog,108
Kolkata,26,Medium,Night,Weekend,Rainy,23
Hyderabad,27,Medium,Afternoon,Weekend,Clear,65
Chennai,44,Low,Afternoon,Weekday,Clear,97
Kolkata,19,High,Afternoon,Weekday,Rainy,124
Chennai,27,High,Morning,Weekday,Fog,129
Pune,23,Medium,Night,Weekend,Rainy,109
Hyderabad,30,Medium,Evening,Weekday,Fog,30
Bengaluru,44,High,Afternoon,Weekday,Rainy,40
Bengaluru,5,High,Afternoon,Weekday,Fog,124
Pune,32,High,Morning,Weekday,Rainy,149
Bengaluru,8,Low,Morning,Weekday,Fog,39
Bengaluru,36,Medium,Night,Weekday,Clear,50
Kolkata,29,High,Afternoon,Weekend,Rainy,33
Kolkata,39,Low,Evening,Weekday,Rainy,146
Mumbai,46,Medium,Morning,Weekday,Fog,47
Delhi,14,High,Morning,Weekend,Rainy,149
Hyderabad,29,High,Night,Weekend,Clear,139
Bengaluru,34,Medium,Night,Weekend,Rainy,38
Kolkata,19,High,Afternoon,Weekday,Clear,105
Bengaluru,15,Low,Morning,Weekday,Clear,93
Hyderabad,26,Low,Morning,Weekday,Clear,49
Mumbai,49,Medium,Morning,Weekday,Rainy,51
Mumbai,38,High,Night,Weekday,Rainy,14
Hyderabad,29,Low,Night,Weekend,Rainy,92
Mumbai,21,Medium,Night,Weekday,Clear,20
Pune,44,Low,Morning,Weekday,Rainy,26
Delhi,18,Low,Morning,Weekday,Clear,44
Mumbai,9,High,Night,Weekday,Fog,93
Pune,8,Low,Afternoon,Weekend,Clear,85
Mumbai,22,Low,Evening,Weekday,Clear,90
Kolkata,6,High,Night,Weekend,Fog,118
Hyderabad,43,Low,Night,Weekday,Rainy,112
Delhi,35,Low,Evening,Weekend,Fog,146
Mumbai,43,Medium,Evening,Weekday,Fog,57
Kolkata,5,Medium,Morning,Weekend,Rainy,76
Mumbai,32,High,Afternoon,Weekday,Fog,79
Delhi,44,High,Night,Weekend,Clear,47
Chennai,31,High,Night,Weekday,Fog,47
Chennai,46,Medium,Morning,Weekend,Fog,111
Pune,31,Low,Afternoon,Weekday,Clear,105
Kolkata,35,High,Evening,Weekend,Fog,73
Kolkata,12,Medium,Night,Weekend,Rainy,42
Pune,49,High,Evening,Weekend,Fog,150
Chennai,25,High,Morning,Weekend,Fog,67
Bengaluru,13,Medium,Night,Weekday,Clear,20
Hyderabad,28,Medium,Night,Weekend,Clear,74
Chennai,36,Medium,Morning,Weekday,Rainy,94
Chennai,15,High,Morning,Weekday,Clear,146
Kolkata,36,Low,Morning,Weekday,Fog,149
Mumbai,12,Medium,Afternoon,Weekend,Clear,58
Hyderabad,24,Low,Evening,Weekend,Rainy,85
Kolkata,23,Low,Night,Weekday,Clear,21
Bengaluru,24,High,Morning,Weekend,Fog,112
Bengaluru,33,Low,Morning,Weekday,Rainy,66
Chennai,16,Medium,Morning,Weekday,Fog,148
Bengaluru,17,High,Morning,Weekday,Fog,66
Kolkata,41,Low,Afternoon,Weekday,Rainy,78
Bengaluru,26,Medium,Evening,Weekday,Clear,117
Pune,22,High,Afternoon,Weekend,Clear,52
Bengaluru,50,Low,Morning,Weekend,Clear,61
Kolkata,9,High,Evening,Weekend,Rainy,47
Hyderabad,5,Low,Night,Weekday,Clear,82
Hyderabad,46,High,Evening,Weekend,Clear,107
Bengaluru,16,Medium,Night,Weekday,Clear,79
Kolkata,37,Medium,Evening,Weekday,Clear,82
Mumbai,8,High,Morning,Weekend,Fog,79
Hyderabad,6,Low,Afternoon,Weekend,Rainy,17
Kolkata,12,Low,Evening,Weekday,Rainy,59
Mumbai,29,Medium,Night,Weekday,Rainy,38
Bengaluru,32,Low,Night,Weekday,Rainy,98
Kolkata,13,Low,Morning,Weekend,Clear,73
Chennai,5,Medium,Night,Weekday,Clear,18
Pune,39,Medium,Afternoon,Weekend,Clear,11
Mumbai,24,High,Evening,Weekend,Clear,55
Kolkata,44,Medium,Morning,Weekend,Fog,140
Mumbai,49,Medium,Evening,Weekday,Clear,67
Delhi,32,Low,Night,Weekday,Clear,46
Bengaluru,45,High,Morning,Weekday,Fog,89
Chennai,15,Low,Evening,Weekend,Rainy,117
Bengaluru,15,Medium,Evening,Weekday,Clear,102
Mumbai,29,Low,Evening,Weekday,Rainy,70
Bengaluru,48,High,Evening,Weekday,Fog,109
Hyderabad,20,Low,Night,Weekday,Fog,83
Hyderabad,42,Low,Evening,Weekend,Rainy,148
Bengaluru,18,High,Night,Weekend,Rainy,93
Kolkata,6,High,Evening,Weekday,Fog,124
Chennai,47,Low,Morning,Weekday,Rainy,41
Chennai,43,Low,Night,Weekday,Clear,102
Kolkata,31,Low,Morning,Weekend,Rainy,38
Hyderabad,35,Low,Evening,Weekday,Rainy,96
Chennai,13,Low,Evening,Weekend,Rainy,111
Chennai,18,Medium,Afternoon,Weekend,Rainy,96
Hyderabad,45,High,Evening,Weekend,Clear,140
Kolkata,29,Medium,Morning,Weekend,Fog,13
Delhi,47,Low,Afternoon,Weekday,Clear,48
Delhi,12,Medium,Evening,Weekday,Clear,104
Kolkata,21,Medium,Night,Weekday,Clear,130
Pune,27,Medium,Night,Weekday,Fog,89
Chennai,45,High,Afternoon,Weekday,Fog,76
Mumbai,21,Medium,Morning,Weekday,Fog,66
Bengaluru,31,Low,Night,Weekday,Rainy,18
Bengaluru,10,Low,Evening,Weekend,Fog,145
Pune,49,High,Evening,Weekday,Clear,140
Chennai,13,Low,Morning,Weekend,Clear,99
Pune,19,Medium,Morning,Weekday,Clear,104
Hyderabad,35,High,Morning,Weekday,Fog,23
Hyderabad,48,Low,Evening,Weekend,Clear,108
Mumbai,19,Low,Afternoon,Weekend,Rainy,64
Pune,35,High,Evening,Weekday,Rainy,13
Bengaluru,15,High,Morning,Weekend,Clear,32
Pune,43,Low,Night,Weekday,Fog,149
Chennai,35,Low,Evening,Weekday,Clear,112
Pune,37,High,Evening,Weekend,Rainy,83
Kolkata,26,Low,Night,Weekend,Clear,53
Delhi,18,Low,Night,Weekend,Rainy,93
Delhi,45,High,Morning,Weekday,Clear,72
Delhi,34,Low,Afternoon,Weekday,Fog,125
Mumbai,18,Low,Evening,Weekend,Clear,111
Hyderabad,25,High,Evening,Weekday,Clear,31
Chennai,25,High,Afternoon,Weekend,Fog,85
Hyderabad,30,Medium,Afternoon,Weekday,Clear,78
Pune,16,Low,Morning,Weekend,Clear,12
Bengaluru,29,Low,Afternoon,Weekend,Clear,41
Pune,27,Low,Morning,Weekday,Rainy,149
Delhi,49,Low,Evening,Weekday,Clear,149
Kolkata,32,High,Morning,Weekday,Clear,117
Chennai,10,Medium,Morning,Weekday,Rainy,89
Chennai,49,Low,Night,Weekday,Fog,125
Chennai,43,Medium,Evening,Weekday,Rainy,82
Bengaluru,48,Medium,Evening,Weekday,Rainy,25
Pune,28,High,Afternoon,Weekend,Rainy,113
Delhi,32,High,Night,Weekday,Clear,70
Delhi,28,Low,Afternoon,Weekend,Fog,102
Bengaluru,14,Low,Night,Weekday,Rainy,13
Hyderabad,15,Low,Afternoon,Weekday,Clear,120
Delhi,46,High,Afternoon,Weekday,Fog,30
Bengaluru,37,Low,Night,Weekday,Fog,63
Chennai,41,High,Afternoon,Weekend,Fog,128
Hyderabad,29,High,Night,Weekend,Clear,119
Kolkata,44,Low,Night,Weekend,Fog,122
Pune,50,Medium,Morning,Weekday,Fog,76
Mumbai,43,Medium,Evening,Weekday,Clear,70
Hyderabad,21,High,Night,Weekday,Clear,59
Hyderabad,30,Medium,Night,Weekday,Fog,103
Hyderabad,35,Medium,Morning,Weekend,Fog,115
Kolkata,16,Low,Evening,Weekend,Fog,29
Bengaluru,37,High,Morning,Weekday,Clear,133
Kolkata,12,Medium,Morning,Weekday,Clear,81
Mumbai,14,Low,Afternoon,Weekday,Fog,68
Mumbai,24,Low,Morning,Weekend,Fog,70
Pune,13,High,Afternoon,Weekend,Rainy,91
Kolkata,14,Low,Afternoon,Weekend,Rainy,149
Chennai,33,High,Evening,Weekend,Clear,71
Bengaluru,29,Medium,Afternoon,Weekday,Fog,19
Delhi,6,High,Morning,Weekend,Clear,122
Delhi,24,High,Morning,Weekday,Clear,18
Chennai,47,Low,Morning,Weekend,Clear,83
Chennai,28,Medium,Night,Weekend,Clear,39
Hyderabad,31,Medium,Evening,Weekday,Clear,13
Hyderabad,5,Medium,Afternoon,Weekend,Fog,86
Mumbai,47,Low,Morning,Weekday,Clear,123
Delhi,26,Medium,Evening,Weekday,Rainy,61
Bengaluru,44,High,Afternoon,Weekday,Fog,125
Delhi,27,Low,Morning,Weekday,Fog,67
Pune,26,High,Night,Weekday,Clear,32
Chennai,29,Low,Night,Weekday,Fog,22
Kolkata,38,Low,Morning,Weekend,Fog,149
Pune,19,Low,Morning,Weekday,Clear,42
Pune,6,Medium,Night,Weekday,Fog,51
Pune,16,High,Night,Weekend,Fog,17
Pune,13,High,Morning,Weekend,Rainy,93
Bengaluru,41,Medium,Morning,Weekend,Clear,91
Kolkata,21,Medium,Night,Weekday,Rainy,32
Kolkata,23,High,Night,Weekend,Clear,121
Chennai,45,High,Night,Weekend,Clear,31
Hyderabad,11,High,Morning,Weekday,Clear,74
Bengaluru,26,Medium,Evening,Weekend,Fog,128
Pune,12,Medium,Evening,Weekend,Clear,21
Delhi,37,Low,Night,Weekday,Fog,52
Kolkata,15,High,Afternoon,Weekend,Rainy,42
Kolkata,29,Low,Morning,Weekday,Rainy,140
Hyderabad,45,Low,Night,Weekday,Rainy,32
Delhi,40,High,Afternoon,Weekday,Clear,135
Chennai,48,High,Evening,Weekend,Clear,36
Kolkata,27,High,Evening,Weekday,Fog,139
Hyderabad,19,Low,Night,Weekday,Rainy,67
Delhi,15,Medium,Afternoon,Weekday,Clear,99
Delhi,17,High,Evening,Weekday,Rainy,11
Hyderabad,26,High,Evening,Weekend,Clear,85
Hyderabad,19,Low,Evening,Weekend,Clear,64
Bengaluru,5,Low,Evening,Weekend,Fog,135
Hyderabad,47,Low,Afternoon,Weekend,Clear,148
Hyderabad,28,Medium,Morning,Weekend,Rainy,19
Bengaluru,38,Medium,Night,Weekday,Clear,106
Mumbai,25,Low,Evening,Weekend,Clear,126
Hyderabad,36,Medium,Morning,Weekend,Clear,94
Kolkata,12,High,Night,Weekday,Fog,103
Bengaluru,16,High,Morning,Weekday,Fog,135
Mumbai,34,High,Evening,Weekend,Clear,35
Chennai,13,High,Afternoon,Weekend,Fog,63
Hyderabad,43,Low,Evening,Weekday,Rainy,73
Bengaluru,25,Medium,Evening,Weekend,Rainy,54
Hyderabad,17,Medium,Evening,Weekday,Rainy,22
Bengaluru,9,High,Night,Weekend,Clear,149
Kolkata,38,Medium,Night,Weekday,Fog,47
Bengaluru,42,High,Evening,Weekend,Fog,130
Kolkata,20,Medium,Evening,Weekday,Fog,77
Pune,39,Medium,Evening,Weekday,Rainy,83
Mumbai,38,Low,Evening,Weekday,Rainy,49
Pune,8,Medium,Night,Weekday,Fog,20
Bengaluru,47,Low,Night,Weekday,Rainy,103
Chennai,39,High,Morning,Weekday,Clear,83
Mumbai,14,Medium,Night,Weekend,Fog,26
Chennai,16,Medium,Morning,Weekend,Fog,38
Mumbai,17,Low,Morning,Weekend,Rainy,135
Hyderabad,38,Low,Morning,Weekend,Fog,140
Chennai,38,Low,Night,Weekday,Clear,150
Chennai,40,Low,Morning,Weekend,Rainy,95
Delhi,37,High,Evening,Weekday,Clear,21
Delhi,48,High,Evening,Weekend,Rainy,51
Bengaluru,25,Medium,Afternoon,Weekend,Clear,143
Pune,9,Medium,Morning,Weekend,Clear,109
Hyderabad,22,Low,Afternoon,Weekday,Clear,55
Hyderabad,21,Low,Night,Weekend,Clear,69
Kolkata,28,Low,Night,Weekend,Fog,111
Delhi,7,High,Night,Weekend,Rainy,64
Hyderabad,6,Medium,Morning,Weekday,Clear,71
Delhi,47,Low,Morning,Weekend,Rainy,89
Chennai,35,Low,Evening,Weekend,Fog,120
Pune,39,High,Morning,Weekend,Clear,144
Hyderabad,45,High,Afternoon,Weekday,Rainy,114
Kolkata,19,High,Evening,Weekday,Rainy,56
Delhi,33,High,Afternoon,Weekend,Fog,22
Mumbai,35,Low,Morning,Weekend,Rainy,128
Kolkata,47,High,Night,Weekday,Fog,15
Hyderabad,28,Low,Morning,Weekend,Fog,62
Chennai,48,Low,Afternoon,Weekday,Clear,102
Kolkata,19,Low,Morning,Weekend,Clear,129
Mumbai,9,Low,Evening,Weekday,Rainy,39
Hyderabad,37,Medium,Night,Weekday,Clear,139
Kolkata,8,Medium,Morning,Weekend,Clear,92
Kolkata,35,Low,Evening,Weekend,Fog,38
Hyderabad,49,Low,Night,Weekday,Clear,104
Delhi,16,Low,Night,Weekday,Rainy,28
Kolkata,10,High,Night,Weekend,Clear,36
Delhi,28,High,Afternoon,Weekend,Fog,72
Pune,41,High,Morning,Weekday,Fog,125
Mumbai,10,High,Evening,Weekday,Rainy,100
Mumbai,23,High,Morning,Weekday,Rainy,19
Kolkata,26,Low,Evening,Weekday,Fog,80
Chennai,21,Low,Morning,Weekday,Clear,108
Pune,40,Medium,Evening,Weekend,Fog,87
Pune,17,Medium,Night,Weekend,Rainy,130
Mumbai,10,High,Afternoon,Weekend,Fog,51
Mumbai,28,High,Afternoon,Weekend,Rainy,119
Hyderabad,35,Medium,Afternoon,Weekend,Fog,104
Pune,16,Low,Morning,Weekend,Rainy,110
Bengaluru,34,Low,Night,Weekend,Rainy,57
Pune,37,Medium,Evening,Weekday,Clear,128
Mumbai,10,High,Evening,Weekday,Clear,81
Pune,41,High,Night,Weekday,Rainy,95
Mumbai,7,High,Night,Weekend,Fog,59
Pune,15,Low,Morning,Weekday,Clear,97
Mumbai,26,Medium,Afternoon,Weekend,Rainy,86
Delhi,10,Medium,Morning,Weekday,Clear,45
Delhi,14,Medium,Evening,Weekday,Clear,95
Bengaluru,15,Low,Evening,Weekend,Rainy,83
Bengaluru,7,High,Afternoon,Weekend,Fog,124
Delhi,8,High,Night,Weekend,Fog,41
Hyderabad,34,Low,Night,Weekday,Clear,113
Mumbai,27,High,Morning,Weekday,Rainy,29
Pune,5,Medium,Evening,Weekday,Clear,29
Mumbai,23,High,Morning,Weekday,Clear,95
Chennai,46,High,Evening,Weekend,Fog,133
Hyderabad,33,Medium,Evening,Weekday,Rainy,88
Chennai,34,High,Night,Weekend,Fog,70
Pune,36,Medium,Afternoon,Weekday,Clear,97
Delhi,45,Medium,Afternoon,Weekend,Rainy,30
Bengaluru,16,Low,Morning,Weekend,Fog,39
Hyderabad,27,High,Morning,Weekday,Clear,89
Mumbai,32,Low,Morning,Weekday,Fog,45
Bengaluru,6,Medium,Morning,Weekday,Clear,99
Delhi,8,Medium,Morning,Weekend,Rainy,15
Delhi,18,High,Afternoon,Weekday,Clear,94
Pune,22,Medium,Afternoon,Weekend,Clear,30
Delhi,41,High,Afternoon,Weekend,Clear,107
Hyderabad,37,Medium,Night,Weekday,Clear,141
Hyderabad,16,Medium,Afternoon,Weekend,Fog,123
Bengaluru,37,Medium,Afternoon,Weekday,Clear,57
Delhi,34,Low,Night,Weekday,Rainy,52
Pune,33,Medium,Morning,Weekend,Clear,101
Hyderabad,49,Low,Afternoon,Weekday,Clear,94
Hyderabad,16,Low,Evening,Weekend,Clear,65
Kolkata,37,High,Night,Weekend,Fog,44
Bengaluru,41,Low,Morning,Weekday,Rainy,105
Chennai,43,Medium,Evening,Weekend,Fog,101
Mumbai,12,Low,Afternoon,Weekday,Rainy,57
Bengaluru,41,Low,Night,Weekday,Fog,60
Pune,7,Low,Night,Weekday,Clear,83
Mumbai,49,Low,Morning,Weekday,Rainy,125
Delhi,12,Low,Evening,Weekend,Fog,110
Chennai,32,High,Evening,Weekday,Rainy,24
Pune,33,Medium,Afternoon,Weekday,Rainy,134
Delhi,44,High,Morning,Weekend,Rainy,44
Bengaluru,9,Medium,Morning,Weekend,Clear,76
Pune,16,Low,Afternoon,Weekday,Rainy,23
Hyderabad,19,Medium,Night,Weekend,Rainy,29
Bengaluru,35,Medium,Evening,Weekday,Rainy,77
Pune,50,Medium,Evening,Weekend,Rainy,52
Bengaluru,45,High,Afternoon,Weekend,Clear,142
Kolkata,8,Medium,Night,Weekday,Rainy,23
Chennai,48,Medium,Evening,Weekend,Clear,134
Chennai,44,Low,Morning,Weekend,Clear,149
Mumbai,17,Medium,Night,Weekday,Fog,32
Bengaluru,27,Low,Afternoon,Weekday,Fog,21
Chennai,15,Low,Morning,Weekday,Rainy,81
Mumbai,39,Medium,Afternoon,Weekday,Fog,117
Chennai,17,High,Night,Weekend,Fog,136
Hyderabad,6,Low,Night,Weekend,Fog,75
Kolkata,40,Low,Morning,Weekday,Clear,80
Chennai,11,Low,Morning,Weekday,Clear,31
Hyderabad,40,High,Evening,Weekday,Clear,38
Kolkata,22,Medium,Morning,Weekday,Rainy,10
Kolkata,40,Low,Night,Weekday,Clear,53
Pune,44,Medium,Evening,Weekday,Fog,83
Delhi,38,Medium,Afternoon,Weekday,Rainy,15
Pune,7,Low,Night,Weekend,Fog,32
Chennai,44,Low,Evening,Weekday,Rainy,142
Bengaluru,32,Low,Evening,Weekday,Rainy,106
Hyderabad,19,Low,Afternoon,Weekday,Clear,97
Bengaluru,29,Medium,Afternoon,Weekend,Clear,149
Hyderabad,35,Low,Evening,Weekday,Rainy,12
Bengaluru,37,Low,Night,Weekday,Fog,126
Chennai,40,High,Morning,Weekday,Fog,32
Delhi,22,Low,Afternoon,Weekend,Clear,150
Delhi,33,High,Afternoon,Weekend,Clear,44
Kolkata,22,High,Afternoon,Weekday,Rainy,63
Chennai,23,High,Afternoon,Weekday,Rainy,91
Chennai,7,Low,Night,Weekday,Clear,43
Kolkata,25,High,Evening,Weekend,Rainy,104
Pune,34,High,Night,Weekday,Clear,86
Chennai,13,High,Night,Weekday,Clear,85
Pune,23,High,Night,Weekday,Rainy,109
Hyderabad,17,Low,Morning,Weekend,Fog,83
